PubmedID,Title,Publication Date,Authors,Affiliations,Emails
40651964,Synthetic biology for space exploration.,2025-07-12,Onofri S (Academic); Moeller R (Academic); Billi D (Academic); Balsamo M (Academic); Becker A (Academic); Benvenuto E (Academic); Cassaro A (Academic); Catanzaro I (Academic); Cockell CS (Academic); Desiderio A (Academic); Ellis T (Academic); Gonzáles-Pastor JE (Academic); Hahn C (Academic); Leys N (Academic); Leo P (Academic); Maurel MC (Academic); Pacelli C (Academic); Pavletic B (Academic); Ripa C (Academic); Rothschild LJ (Academic); Surdo L. (Academic),,Not found
40638940,Harnessing Synthetic Biology to Empower a Circular Plastics Economy.,2025-07-10,Yip A (Academic); Weldon M (Academic); Dharmasiddhi IPW (Academic); Zubrzycki B (Academic); Euler C (Academic); Prince E (Academic); Liu Y (Academic); Ingalls B (Academic); Aucoin M. (Academic),,Not found
40134283,Introduction: Synthetic Biology.,2025-03-01,Dickinson BC. (Academic),,Not found
40600973,Application of the Pipeline Metabolic Model in Food Synthetic Biology.,2025-07-02,Hu M (Academic); Qin S (Academic); Deng H (Academic); Zhang T (Academic); Zhang T. (Academic),,Not found
PPR1054565,Self-Energy Harvesting Pacemakers: An Example of Symbiotic Synthetic Biology,2025-07-23,Das KK (Academic); Dubey AK (Academic); Basu B (Academic); Srivastava YN. (Academic),,Not found
40544014,Pollutant degradation in saline wastewater using synthetic biology.,2025-06-21,Yin Y (Academic); French CE (Academic); Lu Z. (Academic),,Not found
40378033,Ultrasound-responsive mammalian cell synthetic biology.,2025-05-16,Ivanovski F (Academic); Jazbec V (Academic); Varda N (Academic); Jerala R (Academic); Beneina M. (Academic),,Not found
40710084,Enhancing ELISA Sensitivity: From Surface Engineering to Synthetic Biology.,2025-07-06,Jeon HB (Academic); Song DY (Academic); Park YJ (Academic); Kim DM. (Academic),,Not found
40696759,"The biosynthesis and diversity of taxanes: From pathway elucidation, engineering to synthetic biology.",2025-07-21,Shi J (Academic); Zhang C (Academic); Deng R (Academic); Fernie AR (Academic); Chen M (Academic); Zhang Y. (Academic),,Not found
40116601,Synthetic Biology in Natural Product Biosynthesis.,2025-03-21,Seshadri K (Academic); Abad AND (Academic); Nagasawa KK (Academic); Yost KM (Academic); Johnson CW (Academic); Dror MJ (Academic); Tang Y. (Academic),,Not found
40052950,Use and dual use of synthetic biology.,2025-03-07,Danchin A. (Academic),,Not found
40484984,Sensl: a synthetic biology sensor for tracking strigolactone signaling in rice.,2025-06-08,Li Y (Academic); Wang F (Academic); Du R (Academic); Xie D (Academic); Yan J (Academic); Shan X. (Academic),,Not found
40576641,Combining synthetic biology with synthetic electrochemistry to expand the chemical space of the indolocarbazole family.,2025-07-16,Zhu LL (Academic); Wang DG (Academic); Niu L (Academic); Li YZ (Academic); Sui HY (Academic); Wu C. (Academic),,Not found
40409706,Synthetic Biology for Designing Allostery and Its Potential Biomedical Applications.,2025-05-21,Plaper T (Academic); Knez Štibler U (Academic); Jerala R. (Academic),,Not found
40279643,Human Synthetic Biology and Programmable Gene Regulation Control.,2025-04-25,Thurm AR (Academic); Janer Carattini GL (Academic); Bintu L. (Academic),,Not found
40488673,Robust Synthetic Biology Toolkit to Advance Carboxysome Study and Redesign.,2025-06-09,Trettel DS (Academic); Hoang Y (Academic); Vecchiarelli AG (Academic); Gonzalez-Esquer CR. (Academic),,Not found
40195840,Advancing microbial engineering through synthetic biology.,2025-03-28,Jeong KJ. (Academic),,Not found
40376763,"Plant synthetic biology-based biofortification, strategies and recent progresses.",2025-05-16,Wang K (Academic); Liu Z. (Academic),,Not found
40382775,Systems and synthetic biology for plant natural product pathway elucidation.,2025-05-17,Qin K (Academic); Liu F (Academic); Zhang C (Academic); Deng R (Academic); Fernie AR (Academic); Zhang Y. (Academic),,Not found
40222460,Synthetic biology of Fusarium for the sustainable production of valuable bioproducts.,2025-04-11,Gnaim R (Academic); Ledesma-Amaro R. (Academic),,Not found
PPR1037743,Engineering Resilient Crops: A Review on Integrating Evolutionary and Synthetic Biology Approaches,2025-06-17,Pagolu VSS. (Academic),,Not found
40025899,Synthetic Biology-Based Strategy for Nanomedicine Design.,2025-03-03,Zhang X (Academic); Duan Q (Academic); Zhuang J (Academic); Huang X. (Academic),,Not found
40230464,Analysis of the intrinsic value of life in the context of synthetic biology.,2025-03-31,Zhang Y (Academic); Chen Y (Academic); Liao B. (Academic),,Not found
40519649,Microbial electrosynthesis meets synthetic biology: Bioproduction from waste feedstocks.,2025-05-25,Zhang D (Academic); Foo JL (Academic); Chang MW. (Academic),,Not found
40195837,Synthetic biology strategies for sustainable bioplastic production by yeasts.,2025-03-28,Le HG (Academic); Lee Y (Academic); Lee SM. (Academic),,Not found
39849360,BAC-browser: the tool for synthetic biology.,2025-01-23,Semashko TA (Academic); Fisunov GY (Academic); Shevelev GY (Academic); Govorun VM. (Academic),,Not found
39984349,Framing synthetic biology as an innovation-driven market.,2025-02-20,Ramirez JA (Academic); Smith MR (Academic); Speight RE (Academic); O'Hara I. (Academic),,Not found
40243859,Synthetic Biology Strategies and Tools to Modulate Photosynthesis in Microbes.,2025-03-28,Fu S (Academic); Ma K (Academic); Song X (Academic); Sun T (Academic); Chen L (Academic); Zhang W. (Academic),,Not found
40395752,Synthetic Biology-Based Engineering Cells for Drug Delivery.,2025-01-16,Yi W (Academic); Hu S (Academic); Qian X (Academic); Yan W (Academic); Li Y. (Academic),,Not found
PPR1024192,Microbiota-Immune-Brain Crosstalk Synthetic Biology Solutions for Neuroinflammatory Disorders,2025-05-19,Odah M. (Academic),,Not found
40104998,Cell-free synthetic biology for natural product biosynthesis and discovery.,2025-05-06,Rice AJ (Academic); Sword TT (Academic); Chengan K (Academic); Mitchell DA (Academic); Mouncey NJ (Academic); Moore SJ (Academic); Bailey CB. (Academic),,Not found
40553349,Review on Advancement of AI in Synthetic Biology.,2025-01-01,Mirchandani I (Academic); Khandhediya Y (Academic); Chauhan K. (Academic),,Not found
40593727,Abstraction hierarchy to define biofoundry workflows and operations for interoperable synthetic biology research and applications.,2025-07-01,Kim H (Academic); Hillson NJ (Academic); Cho BK (Academic); Sung BH (Academic); Lee DH (Academic); Kim DM (Academic); Oh MK (Academic); Chang MW (Academic); Jin YS (Academic); Rosser SJ (Academic); Vegh P (Academic); Fragkoudis R (Academic); Le Feuvre R (Academic); Scrutton NS (Academic); Storch M (Academic); Seong W (Academic); Freemont PS (Academic); Lee SG. (Academic),,Not found
40074299,Synthetic Biology Approaches to Study Maize Signaling Pathways.,2025-03-12,Lanctot A (Academic); Ramos Báez R (Academic); Moss BL. (Academic),,Not found
40493021,DASH: a versatile and high-capacity gene stacking system for plant synthetic biology.,2025-06-10,Zhao C (Academic); Stepanova AN (Academic); Alonso JM. (Academic),,Not found
PPR1053479,Synthetic Biology and Genetic Engineering Strategies for Microbial and Algal Bioremediation of Heavy Metals: A Scoping Review,2025-07-22,Tiwary K. (Academic),,Not found
40674850,Synthetic biology-driven optoelectronic biosensor for rapid and highly sensitive norovirus detection in fecal samples.,2025-07-15,Martorell S (Academic); Santiso-Bellón C (Academic); Gozalbo-Rovira R (Academic); Quintero-Campos P (Academic); Luque D (Academic); Maquieira Á (Academic); Rodríguez-Díaz J (Academic); Morais S. (Academic),,Not found
40647937,Reprogramming Hairy Root Cultures: A Synthetic Biology Framework for Precision Metabolite Biosynthesis.,2025-06-23,Liu C (Academic); Ahmad N (Academic); Tao Y (Academic); Hussain H (Academic); Chang Y (Academic); Umar AW (Academic); Liu X. (Academic),,Not found
39341458,Advances in synthetic biology.,2024-09-26,Wang DS. (Academic),,Not found
40611812,Structurally Tunable Cell-Free System: to Expand the Synthetic Biology Toolkit for Studies on Extracellular Polysaccharide.,2025-07-04,Chen Y (Academic); Chen Y (Academic); Wei X (Academic); Yuan J (Academic); Cao M (Academic); He N. (Academic),,Not found
40171247,Synthetic biology routes to new and extinct natural products.,2025-03-21,Simpson TJ. (Academic),,Not found
40565088,"Hammerhead Ribozymes: Structural Insights, Catalytic Mechanisms, and Cutting-Edge Applications in Synthetic Biology.",2025-06-12,Wang L (Academic); Liu Y (Academic); Xian X (Academic); Zhang H. (Academic),,Not found
40101192,Preventing Multimer Formation in Commonly Used Synthetic Biology Plasmids.,2025-03-18,Vaisbourd E (Academic); Bren A (Academic); Alon U (Academic); Glass DS. (Academic),,Not found
40115764,Synthetic biology in plants.,2024-09-01,Hayakawa T (Academic); Suzuki H (Academic); Yamamoto H (Academic); Mitsuda N. (Academic),,Not found
PMC12127662,Correction to “Synthetic Biology‐Based Bacterial Extracellular Vesicles Displaying BMP‐2 and CXCR4 to Ameliorate Osteoporosis”,2025-06-01,,,Not found
40185667,Bioprinting and synthetic biology approaches to engineer functional endocrine pancreatic constructs.,2025-04-03,Ribezzi D (Academic); Català P (Academic); Pignatelli C (Academic); Citro A (Academic); Levato R. (Academic),,Not found
39944880,Challenges in observing transcription-translation for bottom-up synthetic biology.,2025-01-03,Bogatyr VG (Academic); Wuite GJL. (Academic),,Not found
39764066,The future of cell-free synthetic biology.,2024-11-09,Lu Y. (Academic),,Not found
IND608894181,Synthetic biology drives innovative advances of antimicrobial peptide iturin A,2025-03-01,Zhang D (Academic); Zhang M (Academic); Zou D (Academic); Wu X (Academic); Ye C (Academic); Huang K (Academic); Wei X (Academic); Wu X. (Academic),,Not found
40531967,Synthetic biology-driven induction of mature TLS formation enhances antitumor immunity in colorectal cancer.,2025-06-18,Mi Z (Academic); Chen J (Academic); Zhang Z (Academic); Liu J (Academic); Lei Y (Academic); Tan H (Academic); Li W (Academic); Chen X (Academic); Rong P. (Academic),,Not found
40441843,Promoting efficient synthesis and customization of sphingans based on metabolic engineering and synthetic biology strategies.,2025-05-12,Zhou Y (Academic); Hu J (Academic); Zhong Y (Academic); Nie S. (Academic),,Not found
40538270,"The Japan-UK Synthetic Biology Conference, Spring 2025: Strengthening Global Links to Engineer Biology.",2025-06-01,Gorochowski TE (Academic); Brockhurst MA (Academic); Ceroni F (Academic); Iwasaki YW (Academic); Yachie N. (Academic),,Not found
40529177,"""Open science"" meets commercial realities: a qualitative study of factors influencing sharing in synthetic biology research in Australia.",2025-06-03,McLennan A (Academic); Maslen S. (Academic),,Not found
39668563,Synthetic biology and artificial intelligence in crop improvement.,2024-12-12,Zhang D (Academic); Xu F (Academic); Wang F (Academic); Le L (Academic); Pu L. (Academic),,Not found
40237791,Synthetic biology strategies for cyanobacterial systems to heterologously produce cyanobacterial natural products.,2025-04-16,Chen M (Academic); Dhakal D (Academic); Eckhardt CW (Academic); Luesch H (Academic); Ding Y. (Academic),,Not found
40066730,Synthetic Biology Strategies for the Production of Natural Colorants and Their Non-Natural Derivatives.,2025-03-11,Kim K (Academic); Shim K (Academic); Wang YW (Academic); Yang D. (Academic),,Not found
39883269,Microbial biotechnology: from synthetic biology to synthetic ecology.,2025-01-03,Yan Q (Academic); Ming Y (Academic); Liu J (Academic); Yin H (Academic); He Q (Academic); Li J (Academic); Huang M (Academic); He Z. (Academic),,Not found
PPR1017362,Leveraging a synthetic biology approach to enhance BCG-mediated expansion of Vγ9Vδ2 T cells,2025-05-09,Qabar CM (Academic); Waldburger L (Academic); Keasling JD (Academic); Portnoy DA (Academic); Cox JS. (Academic),,Not found
40303856,Biochemical evaluation of molecular parts for flavonoid production using plant synthetic biology.,2025-04-15,Lee H (Academic); Lee SB (Academic); Park S (Academic); Song J (Academic); Kim BG. (Academic),,Not found
PPR987120,Photosynthetic Reprogramming Enhancing Carbon Fixation in Crops through Synthetic Biology,2025-03-07,Odah M. (Academic),,Not found
40074301,Testing AuxInYeast Synthetic Biology Strains via Fluorescence Flow Cytometry.,2025-03-12,Moss BL (Academic); Lanctot A (Academic); Ramos Báez R. (Academic),,Not found
PPR999220,Characterization and orthogonality assessment of two quorum sensing systems for synthetic biology applications,2025-04-03,Jasmine DB (Academic); Brecht DP (Academic); Marjan DM. (Academic),,Not found
40384783,Transforming non-conventional yeasts into key players in biotechnology: advances in synthetic biology applications.,2025-05-02,Moon SY (Academic); An NY (Academic); Lee JY. (Academic),,Not found
40308611,"SynNotch CAR-T cell, when synthetic biology and immunology meet again.",2025-04-16,Shirzadian M (Academic); Moori S (Academic); Rabbani R (Academic); Rahbarizadeh F. (Academic),,Not found
40313937,Enhancing the physiological characteristics of chimeric antigen receptor natural killer cells by synthetic biology.,2025-04-17,Ji S (Academic); Jin C (Academic); Cui X. (Academic),,Not found
40153513,Xenotopic synthetic biology: Prospective tools for delaying aging and age-related diseases.,2025-03-28,Parkhitko AA (Academic); Cracan V. (Academic),,Not found
40573919,"Next-Generation Vaccine Platforms: Integrating Synthetic Biology, Nanotechnology, and Systems Immunology for Improved Immunogenicity.",2025-05-30,Eslami M (Academic); Fadaee Dowlat B (Academic); Yaghmayee S (Academic); Habibian A (Academic); Keshavarzi S (Academic); Oksenych V (Academic); Naderian R. (Academic),,Not found
39835880,A synthetic biology approach for identifying de-SUMOylation enzymes of substrates.,2025-01-21,Huang J (Academic); Huang J (Academic); Wu J (Academic); Zhou M (Academic); Luo S (Academic); Jiang J (Academic); Chen T (Academic); Shao L (Academic); Lai J (Academic); Yang C. (Academic),,Not found
PMC11921147,Preface to the special issue “Synthetic Biology and Bioproduction in Plants”,2024-09-25,Mitsuda N (Academic); Seki H (Academic); Shoji T (Academic); Hirai M. (Academic),,Not found
40506695,Establishing Halomonas as a chassis for industrial biotechnology: advances in synthetic biology tool development and metabolic engineering strategies.,2025-06-12,Coimbra AAB (Academic); Prakash S (Academic); Jiménez JI (Academic); Rios-Solis L. (Academic),,Not found
40452467,"Correction to ""Synthetic Biology-Based Bacterial Extracellular Vesicles Displaying BMP-2 and CXCR4 to Ameliorate Osteoporosis"".",2025-06-01,,,Not found
PPR949577,Unravelling Microbial Mysteries: The Convergence of Synthetic Biology and Metagenomics,2024-12-02,Maqbool M (Academic); Haque E (Academic); Thacharodi A (Academic); Meenatchi R (Academic); Arafath AY (Academic); Fathima SA (Academic); Genevieve KK (Academic); Singh T (Academic); D R (Academic); K N (Academic); Singh P (Academic); Hassan S. (Academic),,Not found
39673416,Designed to breathe: synthetic biology applications in plant hypoxia.,2024-12-01,Lavilla-Puerta M (Academic); Giuntoli B. (Academic),,Not found
39340896,Editorial overview: Plant synthetic biology.,2024-09-27,Hanson AD (Academic); Voiniciuc C. (Academic),,Not found
PPR977927,Gametophytic degradation of CENH3 - a synthetic biology approach for haploid induction in plants,2025-02-12,Houben A (Academic); Somasundaram S (Academic); Fuchs J (Academic); Cuacos M (Academic); Weiß O (Academic); Kochevenko A (Academic); Lamb J. (Academic),,Not found
PPR986890,DASH: A versatile and high-capacity gene stacking system for plant synthetic biology,2025-03-06,Zhao C (Academic); Stepanova AN (Academic); Alonso JM. (Academic),,Not found
IND608799930,Towards microbial consortia in fermented foods for metabolic engineering and synthetic biology,2025-02-01,Xin Y (Academic); Qiao M. (Academic),,Not found
40277535,Microbial Transcription Factor-Based Biosensors: Innovations from Design to Applications in Synthetic Biology.,2025-03-31,Song K (Academic); Ji H (Academic); Lee J (Academic); Yoon Y. (Academic),,Not found
39606684,The Importance of Biosecurity in Emerging Biotechnologies and Synthetic Biology.,2024-10-01,Soleimani Sasani M. (Academic),,Not found
40529376,"Editorial: Immune responses at barrier tissues: insights from synthetic biology in therapeutics, diagnostics, mechanisms, and beyond.",2025-06-02,Chao S (Academic); Iwanaga N (Academic); Peñaloza HF (Academic); Lorè NI (Academic); Chen K. (Academic),,Not found
40047928,Bacterial DNA methylases as novel molecular and synthetic biology tools: recent developments.,2025-03-06,Flores-Fernández CN (Academic); O'Callaghan CA. (Academic),,Not found
PPR956406,Synthetic Biology-Based Approaches to Probe Host-Pathogen Interactions,2024-12-17,Banerjee R. (Academic),,Not found
39208098,Synthetic biology startups face a 'reckoning'.,2024-08-29,Service RF. (Academic),,Not found
39341742,Sustainable production of porphyrins through synthetic biology.,2024-09-27,Yu F (Academic); Zhou YJ. (Academic),,Not found
PPR989011,Combining model-based and data-driven models: an application to synthetic biology resource competition,2025-03-14,Darabi A (Academic); An Z (Academic); Al-Radhawi MA (Academic); Cho W (Academic); Siami M (Academic); Sontag ED. (Academic),,Not found
39999982,Engineering a New Generation of Gene Editors: Integrating Synthetic Biology and AI Innovations.,2025-02-25,Chia BS (Academic); Seah YFS (Academic); Wang B (Academic); Shen K (Academic); Srivastava D (Academic); Chew WL. (Academic),,Not found
39741678,Engineering <i>Nicotiana benthamiana</i> for chrysoeriol production using synthetic biology approaches.,2024-12-17,Lee SB (Academic); Lee SE (Academic); Lee H (Academic); Kim JS (Academic); Choi H (Academic); Lee S (Academic); Kim BG. (Academic),,Not found
40459729,Prospects of Synthetic Biology-Based Approaches in the Enhanced Production of Pyocyanin in Pseudomonas aeruginosa MCCB 117 as the Drug of Choice in Aquaculture.,2025-06-03,Jimmy J (Academic); Puthumana J (Academic); Joseph V (Academic); Singh ISB. (Academic),,Not found
39856487,"Engineering the future of medicine: Natural products, synthetic biology and artificial intelligence for next-generation therapeutics.",2025-02-01,Bülbül EF (Academic); Bode HB (Academic); Schmitt S (Academic); Bozhüyük KAJ. (Academic),,Not found
40250568,Paving the way for bacteria-based drug delivery: biohybrid microrobots emerging from microrobotics and synthetic biology.,2025-04-16,Totter E (Academic); von Einsiedel E (Academic); Regazzoni L (Academic); Schuerle S. (Academic),,Not found
39849795,Towards microbial consortia in fermented foods for metabolic engineering and synthetic biology.,2025-01-04,Xin Y (Academic); Qiao M. (Academic),,Not found
38973982,Data hazards in synthetic biology.,2024-06-21,Zelenka NR (Academic); Di Cara N (Academic); Sharma K (Academic); Sarvaharman S (Academic); Ghataora JS (Academic); Parmeggiani F (Academic); Nivala J (Academic); Abdallah ZS (Academic); Marucci L (Academic); Gorochowski TE. (Academic),,Not found
39943032,Multiscale Mathematical Modeling in Systems Biology: A Framework to Boost Plant Synthetic Biology.,2025-02-05,Lucido A (Academic); Basallo O (Academic); Marin-Sanguino A (Academic); Eleiwa A (Academic); Martinez ES (Academic); Vilaprinyo E (Academic); Sorribas A (Academic); Alves R. (Academic),,Not found
39322757,Combining systems and synthetic biology for in vivo enzymology.,2024-09-25,Castaño-Cerezo S (Academic); Chamas A (Academic); Kulyk H (Academic); Treitz C (Academic); Bellvert F (Academic); Tholey A (Academic); Galéote V (Academic); Camarasa C (Academic); Heux S (Academic); Garcia-Alles LF (Academic); Millard P (Academic); Truan G. (Academic),,Not found
39551454,Synthetic biology approaches to improve tolerance of inhibitors in lignocellulosic hydrolysates.,2024-11-16,Tian L (Academic); Qi T (Academic); Zhang F (Academic); Tran VG (Academic); Yuan J (Academic); Wang Y (Academic); He N (Academic); Cao M. (Academic),,Not found
39801378,Engineered Bacteria for Disease Diagnosis and Treatment Using Synthetic Biology.,2025-01-01,Jin K (Academic); Huang Y (Academic); Che H (Academic); Wu Y. (Academic),,Not found
39657271,"Hypoxia as challenge and opportunity: From cells to crops, to synthetic biology.",2024-12-01,Bailey-Serres J (Academic); Geigenberger P (Academic); Perata P (Academic); Sasidharan R (Academic); Schwarzländer M. (Academic),,Not found
39863189,Cell-free systems: A synthetic biology tool for rapid prototyping in metabolic engineering.,2025-01-23,Jeung K (Academic); Kim M (Academic); Jang E (Academic); Shon YJ (Academic); Jung GY. (Academic),,Not found
39086602,A new era of synthetic biology-microbial community design.,2024-07-16,Matuszyńska A (Academic); Ebenhöh O (Academic); Zurbriggen MD (Academic); Ducat DC (Academic); Axmann IM. (Academic),,Not found
40529626,Construction of a synthetic biology toolkit for the genetic manipulation in the cellulose-producing strain &lt;i&gt;Kosakonia&lt;/i&gt; &lt;i&gt;oryzendophytica&lt;/i&gt;.,2025-05-27,Miao L (Academic); Feng W (Academic); Ren J (Academic); Sun K (Academic); Li G (Academic); Jiang H. (Academic),,Not found
